Pool;1
Spa;1
Tours;2
Sauna;2
Gym;3
Fine Dining;3
Bar;4
Laundry Room;4
Game Room;5
Aqua Park;5
Pool;6
Spa;6
Tours;7
Sauna;7
Gym;8
Fine Dining;8
Bar;9
Laundry Room;9
Game Room;10
Aqua Park;10
Pool;11
Spa;11
Tours;12
Sauna;12
Gym;13
Fine Dining;13
Bar;14
Laundry Room;14
Game Room;15
Aqua Park;15
Pool;16
Spa;16
Tours;17
Sauna;17
Gym;18
Fine Dining;18
Bar;19
Laundry Room;19
Game Room;20
Aqua Park;20
Pool;21
Spa;21
Tours;22
Sauna;22
Gym;23
Fine Dining;23
Bar;24
Laundry Room;24
Game Room;25
Aqua Park;25
Pool;26
Spa;26
Tours;27
Sauna;27
Gym;28
Fine Dining;28
Bar;29
Laundry Room;29
Game Room;30
Aqua Park;30
Pool;31
Spa;31
Tours;32
Sauna;32
Gym;33
Fine Dining;33
Bar;34
Laundry Room;34
Game Room;35
Aqua Park;35
Pool;36
Spa;36
Tours;37
Sauna;37
Gym;38
Fine Dining;38
Bar;39
Laundry Room;39
Game Room;40
Aqua Park;40
Pool;41
Spa;41
Tours;42
Sauna;42
Gym;43
Fine Dining;43
Bar;44
Laundry Room;44
Game Room;45
Aqua Park;45
Pool;46
Spa;46
Tours;47
Sauna;47
Gym;48
Fine Dining;48
Bar;49
Laundry Room;49
Game Room;50
Aqua Park;50
Pool;51
Spa;51
Tours;52
Sauna;52
Gym;53
Fine Dining;53
Bar;54
Laundry Room;54
Game Room;55
Aqua Park;55
Pool;56
Spa;56
Tours;57
Sauna;57
Gym;58
Fine Dining;58
Bar;59
Laundry Room;59
Game Room;60
Aqua Park;60
Pool;61
Spa;61
Tours;62
Sauna;62
Gym;63
Fine Dining;63
Bar;64
Laundry Room;64
Game Room;65
Aqua Park;65
Pool;66
Spa;66
Tours;67
Sauna;67
Gym;68
Fine Dining;68
Bar;69
Laundry Room;69
Game Room;70
Aqua Park;70
Pool;71
Spa;71
Tours;72
Sauna;72
Gym;73
Fine Dining;73
Bar;74
Laundry Room;74
Game Room;75
Aqua Park;75
Pool;76
Spa;76
Tours;77
Sauna;77
Gym;78
Fine Dining;78
Bar;79
Laundry Room;79
Game Room;80
Aqua Park;80
Pool;81
Spa;81
Tours;82
Sauna;82
Gym;83
Fine Dining;83
Bar;84
Laundry Room;84
Game Room;85
Aqua Park;85
Pool;86
Spa;86
Tours;87
Sauna;87
Gym;88
Fine Dining;88
Bar;89
Laundry Room;89
Game Room;90
Aqua Park;90
Pool;91
Spa;91
Tours;92
Sauna;92
Gym;93
Fine Dining;93
Bar;94
Laundry Room;94
Game Room;95
Aqua Park;95
Pool;96
Spa;96
Tours;97
Sauna;97
Gym;98
Fine Dining;98
Bar;99
Laundry Room;99
Game Room;100
Aqua Park;100
Pool;101
Spa;101
Tours;102
Sauna;102
Gym;103
Fine Dining;103
Bar;104
Laundry Room;104
Game Room;105
Aqua Park;105
Pool;106
Spa;106
Tours;107
Sauna;107
Gym;108
Fine Dining;108
Bar;109
Laundry Room;109
Game Room;110
Aqua Park;110
Pool;111
Spa;111
Tours;112
Sauna;112
Gym;113
Fine Dining;113
Bar;114
Laundry Room;114
Game Room;115
Aqua Park;115
Pool;116
Spa;116
Tours;117
Sauna;117
Gym;118
Fine Dining;118
Bar;119
Laundry Room;119
Game Room;120
Aqua Park;120
Pool;121
Spa;121
Tours;122
Sauna;122
Gym;123
Fine Dining;123
Bar;124
Laundry Room;124
Game Room;125
Aqua Park;125
Pool;126
Spa;126
Tours;127
Sauna;127
Gym;128
Fine Dining;128
Bar;129
Laundry Room;129
Game Room;130
Aqua Park;130
Pool;131
Spa;131
Tours;132
Sauna;132
Gym;133
Fine Dining;133
Bar;134
Laundry Room;134
Game Room;135
Aqua Park;135
Pool;136
Spa;136
Tours;137
Sauna;137
Gym;138
Fine Dining;138
Bar;139
Laundry Room;139
Game Room;140
Aqua Park;140
Pool;141
Spa;141
Tours;142
Sauna;142
Gym;143
Fine Dining;143
Bar;144
Laundry Room;144
Game Room;145
Aqua Park;145
Pool;146
Spa;146
Tours;147
Sauna;147
Gym;148
Fine Dining;148
Bar;149
Laundry Room;149
Game Room;150
Aqua Park;150
Pool;151
Spa;151
Tours;152
Sauna;152
Gym;153
Fine Dining;153
Bar;154
Laundry Room;154
Game Room;155
Aqua Park;155
Pool;156
Spa;156
Tours;157
Sauna;157
Gym;158
Fine Dining;158
Bar;159
Laundry Room;159
Game Room;160
Aqua Park;160
Pool;161
Spa;161
Tours;162
Sauna;162
Gym;163
Fine Dining;163
Bar;164
Laundry Room;164
Game Room;165
Aqua Park;165
Pool;166
Spa;166
Tours;167
Sauna;167
Gym;168
Fine Dining;168
Bar;169
Laundry Room;169
Game Room;170
Aqua Park;170
Pool;171
Spa;171
Tours;172
Sauna;172
Gym;173
Fine Dining;173
Bar;174
Laundry Room;174
Game Room;175
Aqua Park;175
Pool;176
Spa;176
Tours;177
Sauna;177
Gym;178
Fine Dining;178
Bar;179
Laundry Room;179
Game Room;180
Aqua Park;180
Pool;181
Spa;181
Tours;182
Sauna;182
Gym;183
Fine Dining;183
Bar;184
Laundry Room;184
Game Room;185
Aqua Park;185
Pool;186
Spa;186
Tours;187
Sauna;187
Gym;188
Fine Dining;188
Bar;189
Laundry Room;189
Game Room;190
Aqua Park;190
Pool;191
Spa;191
Tours;192
Sauna;192
Gym;193
Fine Dining;193
Bar;194
Laundry Room;194
Game Room;195
Aqua Park;195
Pool;196
Spa;196
Tours;197
Sauna;197
Gym;198
Fine Dining;198
Bar;199
Laundry Room;199
Game Room;200
Aqua Park;200
Pool;201
Spa;201
Tours;202
Sauna;202
Gym;203
Fine Dining;203
Bar;204
Laundry Room;204
Game Room;205
Aqua Park;205
Pool;206
Spa;206
Tours;207
Sauna;207
Gym;208
Fine Dining;208
Bar;209
Laundry Room;209
Game Room;210
Aqua Park;210
Pool;211
Spa;211
Tours;212
Sauna;212
Gym;213
Fine Dining;213
Bar;214
Laundry Room;214
Game Room;215
Aqua Park;215
Pool;216
Spa;216
Tours;217
Sauna;217
Gym;218
Fine Dining;218
Bar;219
Laundry Room;219
Game Room;220
Aqua Park;220
Pool;221
Spa;221
Tours;222
Sauna;222
Gym;223
Fine Dining;223
Bar;224
Laundry Room;224
Game Room;225
Aqua Park;225
Pool;226
Spa;226
Tours;227
Sauna;227
Gym;228
Fine Dining;228
Bar;229
Laundry Room;229
Game Room;230
Aqua Park;230
Pool;231
Spa;231
Tours;232
Sauna;232
Gym;233
Fine Dining;233
Bar;234
Laundry Room;234
Game Room;235
Aqua Park;235
Pool;236
Spa;236
Tours;237
Sauna;237
Gym;238
Fine Dining;238
Bar;239
Laundry Room;239
Game Room;240
Aqua Park;240
Pool;241
Spa;241
Tours;242
Sauna;242
Gym;243
Fine Dining;243
Bar;244
Laundry Room;244
Game Room;245
Aqua Park;245
Pool;246
Spa;246
Tours;247
Sauna;247
Gym;248
Fine Dining;248
Bar;249
Laundry Room;249
Game Room;250
Aqua Park;250
Pool;251
Spa;251
Tours;252
Sauna;252
Gym;253
Fine Dining;253
Bar;254
Laundry Room;254
Game Room;255
Aqua Park;255
Pool;256
Spa;256
Tours;257
Sauna;257
Gym;258
Fine Dining;258
Bar;259
Laundry Room;259
Game Room;260
Aqua Park;260
Pool;261
Spa;261
Tours;262
Sauna;262
Gym;263
Fine Dining;263
Bar;264
Laundry Room;264
Game Room;265
Aqua Park;265
Pool;266
Spa;266
Tours;267
Sauna;267
Gym;268
Fine Dining;268
Bar;269
Laundry Room;269
Game Room;270
Aqua Park;270
Pool;271
Spa;271
Tours;272
Sauna;272
Gym;273
Fine Dining;273
Bar;274
Laundry Room;274
Game Room;275
Aqua Park;275
Pool;276
Spa;276
Tours;277
Sauna;277
Gym;278
Fine Dining;278
Bar;279
Laundry Room;279
Game Room;280
Aqua Park;280
Pool;281
Spa;281
Tours;282
Sauna;282
Gym;283
Fine Dining;283
Bar;284
Laundry Room;284
Game Room;285
Aqua Park;285
Pool;286
Spa;286
Tours;287
Sauna;287
Gym;288
Fine Dining;288
Bar;289
Laundry Room;289
Game Room;290
Aqua Park;290
Pool;291
Spa;291
Tours;292
Sauna;292
Gym;293
Fine Dining;293
Bar;294
Laundry Room;294
Game Room;295
Aqua Park;295
Pool;296
Spa;296
Tours;297
Sauna;297
Gym;298
Fine Dining;298
Bar;299
Laundry Room;299
Game Room;300
Aqua Park;300
Pool;301
Spa;301
Tours;302
Sauna;302
Gym;303
Fine Dining;303
Bar;304
Laundry Room;304
Game Room;305
Aqua Park;305
Pool;306
Spa;306
Tours;307
Sauna;307
Gym;308
Fine Dining;308
Bar;309
Laundry Room;309
Game Room;310
Aqua Park;310
Pool;311
Spa;311
Tours;312
Sauna;312
Gym;313
Fine Dining;313
Bar;314
Laundry Room;314
Game Room;315
Aqua Park;315
Pool;316
Spa;316
Tours;317
Sauna;317
Gym;318
Fine Dining;318
Bar;319
Laundry Room;319
Game Room;320
Aqua Park;320
Pool;321
Spa;321
Tours;322
Sauna;322
Gym;323
Fine Dining;323
Bar;324
Laundry Room;324
Game Room;325
Aqua Park;325
Pool;326
Spa;326
Tours;327
Sauna;327
Gym;328
Fine Dining;328
Bar;329
Laundry Room;329
Game Room;330
Aqua Park;330
Pool;331
Spa;331
Tours;332
Sauna;332
Gym;333
Fine Dining;333
Bar;334
Laundry Room;334
Game Room;335
Aqua Park;335
Pool;336
Spa;336
Tours;337
Sauna;337
Gym;338
Fine Dining;338
Bar;339
Laundry Room;339
Game Room;340
Aqua Park;340
Pool;341
Spa;341
Tours;342
Sauna;342
Gym;343
Fine Dining;343
Bar;344
Laundry Room;344
Game Room;345
Aqua Park;345
Pool;346
Spa;346
Tours;347
Sauna;347
Gym;348
Fine Dining;348
Bar;349
Laundry Room;349
Game Room;350
Aqua Park;350
Pool;351
Spa;351
Tours;352
Sauna;352
Gym;353
Fine Dining;353
Bar;354
Laundry Room;354
Game Room;355
Aqua Park;355
Pool;356
Spa;356
Tours;357
Sauna;357
Gym;358
Fine Dining;358
Bar;359
Laundry Room;359
Game Room;360
Aqua Park;360
Pool;361
Spa;361
Tours;362
Sauna;362
Gym;363
Fine Dining;363
Bar;364
Laundry Room;364
Game Room;365
Aqua Park;365
Pool;366
Spa;366
Tours;367
Sauna;367
Gym;368
Fine Dining;368
Bar;369
Laundry Room;369
Game Room;370
Aqua Park;370
Pool;371
Spa;371
Tours;372
Sauna;372
Gym;373
Fine Dining;373
Bar;374
Laundry Room;374
Game Room;375
Aqua Park;375
Pool;376
Spa;376
Tours;377
Sauna;377
Gym;378
Fine Dining;378
Bar;379
Laundry Room;379
Game Room;380
Aqua Park;380
Pool;381
Spa;381
Tours;382
Sauna;382
Gym;383
Fine Dining;383
Bar;384
Laundry Room;384
Game Room;385
Aqua Park;385
Pool;386
Spa;386
Tours;387
Sauna;387
Gym;388
Fine Dining;388
Bar;389
Laundry Room;389
Game Room;390
Aqua Park;390
Pool;391
Spa;391
Tours;392
Sauna;392
Gym;393
Fine Dining;393
Bar;394
Laundry Room;394
Game Room;395
Aqua Park;395
Pool;396
Spa;396
Tours;397
Sauna;397
Gym;398
Fine Dining;398
Bar;399
Laundry Room;399
Game Room;400
Aqua Park;400
Pool;401
Spa;401
Tours;402
Sauna;402
Gym;403
Fine Dining;403
Bar;404
Laundry Room;404
Game Room;405
Aqua Park;405